event_id	event_label	comparison_id	query_name	window_start	window_end	cell_id	source_kind	scaffold_jump	min_aln_length	scoring	num_mappings	scaffold_mass	overlap	expected_target_chroms	row_count	expected_target_rows	expected_target_sum_bp	expected_target_union_bp	all_target_union_bp	chr3_union_bp	chr3_survives	target_sum_overlap_bp	target_union_overlap_bp	status
PAR1_XY_positive_control	PAR1	PAN027pat_vs_PAN011_joint	PAN027#2#chrX	0	500000	raw_many_many_unfiltered	raw_baseline	0	raw	raw	many:many	10k	default	chrX,chrY	390	309	1581508	495522	499994	2111	yes	chr1:6139;chr10:11912;chr11:494;chr12:116837;chr14:86092;chr15:11575;chr16:21502;chr18:231;chr19:273;chr2:4934;chr20:1102;chr21:1106;chr22:72393;chr3:2664;chr5:4500;chr7:574;chr8:86321;chr9:5368;chrX:833412;chrY:748096	chr1:6139;chr10:5965;chr11:247;chr12:7212;chr14:12631;chr15:7811;chr16:4686;chr18:231;chr19:273;chr2:4934;chr20:551;chr21:553;chr22:12252;chr3:2111;chr5:4500;chr7:574;chr8:9085;chr9:5368;chrX:489141;chrY:492471	chr3_off_target
PAR1_XY_positive_control	PAR1	PAN027pat_vs_PAN011_joint	PAN027#2#chrX	0	500000	j0.ldefault.ani.1to1.m10k	filtered	0	default	ani	1:1	10k	default	chrX,chrY	2	2	495859	493566	493566	0	no	chrX:345932;chrY:149927	chrX:345932;chrY:149927	expected_non_chr3
PAR1_XY_positive_control	PAR1	PAN027pat_vs_PAN011_joint	PAN027#2#chrX	0	500000	j0.ldefault.ani.4tomany.m10k	filtered	0	default	ani	4:many	10k	default	chrX,chrY	148	131	1062645	493566	499994	553	yes	chr11:494;chr14:25262;chr15:4363;chr16:8408;chr18:231;chr19:273;chr22:12252;chr3:1106;chrX:530642;chrY:532003	chr11:247;chr14:12631;chr15:3764;chr16:4204;chr18:231;chr19:273;chr22:12252;chr3:553;chrX:477576;chrY:487285	chr3_off_target
PAR1_XY_positive_control	PAR1	PAN027pat_vs_PAN011_joint	PAN027#2#chrX	0	500000	j0.ldefault.log_length_ani.1to1.m10k	filtered	0	default	log-length-ani	1:1	10k	default	chrX,chrY	3	2	495859	493566	499994	0	no	chr14:12252;chrX:345932;chrY:149927	chr14:12252;chrX:345932;chrY:149927	expected_non_chr3
PAR1_XY_positive_control	PAR1	PAN027pat_vs_PAN011_joint	PAN027#2#chrX	0	500000	j0.ldefault.log_length_ani.4tomany.m10k	filtered	0	default	log-length-ani	4:many	10k	default	chrX,chrY	147	132	1078173	493566	499994	553	yes	chr11:494;chr14:24504;chr15:4363;chr16:8408;chr18:231;chr19:273;chr22:12252;chr3:1106;chrX:541194;chrY:536979	chr11:247;chr14:12252;chr15:3764;chr16:4204;chr18:231;chr19:273;chr22:12252;chr3:553;chrX:479690;chrY:490515	chr3_off_target
PAR1_XY_positive_control	PAR1	PAN027pat_vs_PAN011_joint	PAN027#2#chrX	0	500000	j0.l1000.ani.1to1.m10k	filtered	0	1000	ani	1:1	10k	default	chrX,chrY	2	2	495859	493566	493566	0	no	chrX:345932;chrY:149927	chrX:345932;chrY:149927	expected_non_chr3
PAR1_XY_positive_control	PAR1	PAN027pat_vs_PAN011_joint	PAN027#2#chrX	0	500000	j0.l1000.ani.4tomany.m10k	filtered	0	1000	ani	4:many	10k	default	chrX,chrY	88	81	1039097	493566	499994	0	no	chr14:24504;chr15:3165;chr16:8408;chr22:12252;chrX:513548;chrY:525549	chr14:12252;chr15:3165;chr16:4204;chr22:12252;chrX:471530;chrY:490258	expected_non_chr3
PAR1_XY_positive_control	PAR1	PAN027pat_vs_PAN011_joint	PAN027#2#chrX	0	500000	j0.l1000.log_length_ani.1to1.m10k	filtered	0	1000	log-length-ani	1:1	10k	default	chrX,chrY	3	2	495859	493566	499994	0	no	chr14:12252;chrX:345932;chrY:149927	chr14:12252;chrX:345932;chrY:149927	expected_non_chr3
PAR1_XY_positive_control	PAR1	PAN027pat_vs_PAN011_joint	PAN027#2#chrX	0	500000	j0.l1000.log_length_ani.4tomany.m10k	filtered	0	1000	log-length-ani	4:many	10k	default	chrX,chrY	88	81	1049921	493566	499994	0	no	chr14:24504;chr15:3165;chr16:8408;chr22:12252;chrX:524100;chrY:525821	chr14:12252;chr15:3165;chr16:4204;chr22:12252;chrX:473644;chrY:490258	expected_non_chr3
PAR1_XY_positive_control	PAR1	PAN027pat_vs_PAN011_joint	PAN027#2#chrX	0	500000	j0.l5000.ani.1to1.m10k	filtered	0	5000	ani	1:1	10k	default	chrX,chrY	2	2	495859	493566	493566	0	no	chrX:345932;chrY:149927	chrX:345932;chrY:149927	expected_non_chr3
PAR1_XY_positive_control	PAR1	PAN027pat_vs_PAN011_joint	PAN027#2#chrX	0	500000	j0.l5000.ani.4tomany.m10k	filtered	0	5000	ani	4:many	10k	default	chrX,chrY	43	40	951874	493566	499994	0	no	chr14:24504;chr22:12252;chrX:486233;chrY:465641	chr14:12252;chr22:12252;chrX:449530;chrY:458649	expected_non_chr3
PAR1_XY_positive_control	PAR1	PAN027pat_vs_PAN011_joint	PAN027#2#chrX	0	500000	j0.l5000.log_length_ani.1to1.m10k	filtered	0	5000	log-length-ani	1:1	10k	default	chrX,chrY	3	2	495859	493566	499994	0	no	chr14:12252;chrX:345932;chrY:149927	chr14:12252;chrX:345932;chrY:149927	expected_non_chr3
PAR1_XY_positive_control	PAR1	PAN027pat_vs_PAN011_joint	PAN027#2#chrX	0	500000	j0.l5000.log_length_ani.4tomany.m10k	filtered	0	5000	log-length-ani	4:many	10k	default	chrX,chrY	43	40	951874	493566	499994	0	no	chr14:24504;chr22:12252;chrX:486233;chrY:465641	chr14:12252;chr22:12252;chrX:449530;chrY:458649	expected_non_chr3
PAR1_XY_positive_control	PAR1	PAN027pat_vs_PAN011_joint	PAN027#2#chrX	0	500000	j0.l10000.ani.1to1.m10k	filtered	0	10000	ani	1:1	10k	default	chrX,chrY	3	2	495859	493566	499994	0	no	chr14:12252;chrX:345932;chrY:149927	chr14:12252;chrX:345932;chrY:149927	expected_non_chr3
PAR1_XY_positive_control	PAR1	PAN027pat_vs_PAN011_joint	PAN027#2#chrX	0	500000	j0.l10000.ani.4tomany.m10k	filtered	0	10000	ani	4:many	10k	default	chrX,chrY	22	19	811049	493566	499994	0	no	chr14:24504;chr22:12252;chrX:398803;chrY:412246	chr14:12252;chr22:12252;chrX:391853;chrY:408506	expected_non_chr3
PAR1_XY_positive_control	PAR1	PAN027pat_vs_PAN011_joint	PAN027#2#chrX	0	500000	j0.l10000.log_length_ani.1to1.m10k	filtered	0	10000	log-length-ani	1:1	10k	default	chrX,chrY	3	2	495859	493566	499994	0	no	chr14:12252;chrX:345932;chrY:149927	chr14:12252;chrX:345932;chrY:149927	expected_non_chr3
PAR1_XY_positive_control	PAR1	PAN027pat_vs_PAN011_joint	PAN027#2#chrX	0	500000	j0.l10000.log_length_ani.4tomany.m10k	filtered	0	10000	log-length-ani	4:many	10k	default	chrX,chrY	22	19	811049	493566	499994	0	no	chr14:24504;chr22:12252;chrX:398803;chrY:412246	chr14:12252;chr22:12252;chrX:391853;chrY:408506	expected_non_chr3
PAR1_XY_positive_control	PAR1	PAN027pat_vs_PAN011_joint	PAN027#2#chrX	0	500000	j10k.ldefault.ani.1to1.m10k	filtered	10k	default	ani	1:1	10k	default	chrX,chrY	2	2	495859	493566	493566	0	no	chrX:345932;chrY:149927	chrX:345932;chrY:149927	expected_non_chr3
PAR1_XY_positive_control	PAR1	PAN027pat_vs_PAN011_joint	PAN027#2#chrX	0	500000	j10k.ldefault.ani.4tomany.m10k	filtered	10k	default	ani	4:many	10k	default	chrX,chrY	73	70	975409	493566	499994	0	no	chr14:24504;chr22:12252;chrX:470101;chrY:505308	chr14:12252;chr22:12252;chrX:452903;chrY:481602	expected_non_chr3
PAR1_XY_positive_control	PAR1	PAN027pat_vs_PAN011_joint	PAN027#2#chrX	0	500000	j10k.ldefault.log_length_ani.1to1.m10k	filtered	10k	default	log-length-ani	1:1	10k	default	chrX,chrY	3	2	495859	493566	499994	0	no	chr14:12252;chrX:345932;chrY:149927	chr14:12252;chrX:345932;chrY:149927	expected_non_chr3
PAR1_XY_positive_control	PAR1	PAN027pat_vs_PAN011_joint	PAN027#2#chrX	0	500000	j10k.ldefault.log_length_ani.4tomany.m10k	filtered	10k	default	log-length-ani	4:many	10k	default	chrX,chrY	75	72	993901	493566	499994	0	no	chr14:24504;chr22:12252;chrX:479262;chrY:514639	chr14:12252;chr22:12252;chrX:455017;chrY:486257	expected_non_chr3
PAR1_XY_positive_control	PAR1	PAN027pat_vs_PAN011_joint	PAN027#2#chrX	0	500000	j10k.l1000.ani.1to1.m10k	filtered	10k	1000	ani	1:1	10k	default	chrX,chrY	2	2	495859	493566	493566	0	no	chrX:345932;chrY:149927	chrX:345932;chrY:149927	expected_non_chr3
PAR1_XY_positive_control	PAR1	PAN027pat_vs_PAN011_joint	PAN027#2#chrX	0	500000	j10k.l1000.ani.4tomany.m10k	filtered	10k	1000	ani	4:many	10k	default	chrX,chrY	65	62	981218	493566	499994	0	no	chr14:24504;chr22:12252;chrX:476341;chrY:504877	chr14:12252;chr22:12252;chrX:458597;chrY:484600	expected_non_chr3
PAR1_XY_positive_control	PAR1	PAN027pat_vs_PAN011_joint	PAN027#2#chrX	0	500000	j10k.l1000.log_length_ani.1to1.m10k	filtered	10k	1000	log-length-ani	1:1	10k	default	chrX,chrY	3	2	495859	493566	499994	0	no	chr14:12252;chrX:345932;chrY:149927	chr14:12252;chrX:345932;chrY:149927	expected_non_chr3
PAR1_XY_positive_control	PAR1	PAN027pat_vs_PAN011_joint	PAN027#2#chrX	0	500000	j10k.l1000.log_length_ani.4tomany.m10k	filtered	10k	1000	log-length-ani	4:many	10k	default	chrX,chrY	68	65	997105	493566	499994	0	no	chr14:24504;chr22:12252;chrX:486665;chrY:510440	chr14:12252;chr22:12252;chrX:460711;chrY:486025	expected_non_chr3
PAR1_XY_positive_control	PAR1	PAN027pat_vs_PAN011_joint	PAN027#2#chrX	0	500000	j10k.l5000.ani.1to1.m10k	filtered	10k	5000	ani	1:1	10k	default	chrX,chrY	2	2	495859	493566	493566	0	no	chrX:345932;chrY:149927	chrX:345932;chrY:149927	expected_non_chr3
PAR1_XY_positive_control	PAR1	PAN027pat_vs_PAN011_joint	PAN027#2#chrX	0	500000	j10k.l5000.ani.4tomany.m10k	filtered	10k	5000	ani	4:many	10k	default	chrX,chrY	37	34	913493	493566	499994	0	no	chr14:24504;chr22:12252;chrX:447852;chrY:465641	chr14:12252;chr22:12252;chrX:438107;chrY:458649	expected_non_chr3
PAR1_XY_positive_control	PAR1	PAN027pat_vs_PAN011_joint	PAN027#2#chrX	0	500000	j10k.l5000.log_length_ani.1to1.m10k	filtered	10k	5000	log-length-ani	1:1	10k	default	chrX,chrY	3	2	495859	493566	499994	0	no	chr14:12252;chrX:345932;chrY:149927	chr14:12252;chrX:345932;chrY:149927	expected_non_chr3
PAR1_XY_positive_control	PAR1	PAN027pat_vs_PAN011_joint	PAN027#2#chrX	0	500000	j10k.l5000.log_length_ani.4tomany.m10k	filtered	10k	5000	log-length-ani	4:many	10k	default	chrX,chrY	37	34	913493	493566	499994	0	no	chr14:24504;chr22:12252;chrX:447852;chrY:465641	chr14:12252;chr22:12252;chrX:438107;chrY:458649	expected_non_chr3
PAR1_XY_positive_control	PAR1	PAN027pat_vs_PAN011_joint	PAN027#2#chrX	0	500000	j10k.l10000.ani.1to1.m10k	filtered	10k	10000	ani	1:1	10k	default	chrX,chrY	3	2	495859	493566	499994	0	no	chr14:12252;chrX:345932;chrY:149927	chr14:12252;chrX:345932;chrY:149927	expected_non_chr3
PAR1_XY_positive_control	PAR1	PAN027pat_vs_PAN011_joint	PAN027#2#chrX	0	500000	j10k.l10000.ani.4tomany.m10k	filtered	10k	10000	ani	4:many	10k	default	chrX,chrY	22	19	811049	493566	499994	0	no	chr14:24504;chr22:12252;chrX:398803;chrY:412246	chr14:12252;chr22:12252;chrX:391853;chrY:408506	expected_non_chr3
PAR1_XY_positive_control	PAR1	PAN027pat_vs_PAN011_joint	PAN027#2#chrX	0	500000	j10k.l10000.log_length_ani.1to1.m10k	filtered	10k	10000	log-length-ani	1:1	10k	default	chrX,chrY	3	2	495859	493566	499994	0	no	chr14:12252;chrX:345932;chrY:149927	chr14:12252;chrX:345932;chrY:149927	expected_non_chr3
PAR1_XY_positive_control	PAR1	PAN027pat_vs_PAN011_joint	PAN027#2#chrX	0	500000	j10k.l10000.log_length_ani.4tomany.m10k	filtered	10k	10000	log-length-ani	4:many	10k	default	chrX,chrY	22	19	811049	493566	499994	0	no	chr14:24504;chr22:12252;chrX:398803;chrY:412246	chr14:12252;chr22:12252;chrX:391853;chrY:408506	expected_non_chr3
PAR1_XY_positive_control	PAR1	PAN027pat_vs_PAN011_joint	PAN027#2#chrX	0	500000	j20k.ldefault.ani.1to1.m10k	filtered	20k	default	ani	1:1	10k	default	chrX,chrY	2	2	495859	493566	493566	0	no	chrX:345932;chrY:149927	chrX:345932;chrY:149927	expected_non_chr3
PAR1_XY_positive_control	PAR1	PAN027pat_vs_PAN011_joint	PAN027#2#chrX	0	500000	j20k.ldefault.ani.4tomany.m10k	filtered	20k	default	ani	4:many	10k	default	chrX,chrY	83	80	995482	493566	499994	0	no	chr14:24504;chr22:12252;chrX:488034;chrY:507448	chr14:12252;chr22:12252;chrX:462636;chrY:481627	expected_non_chr3
PAR1_XY_positive_control	PAR1	PAN027pat_vs_PAN011_joint	PAN027#2#chrX	0	500000	j20k.ldefault.log_length_ani.1to1.m10k	filtered	20k	default	log-length-ani	1:1	10k	default	chrX,chrY	3	2	495859	493566	499994	0	no	chr14:12252;chrX:345932;chrY:149927	chr14:12252;chrX:345932;chrY:149927	expected_non_chr3
PAR1_XY_positive_control	PAR1	PAN027pat_vs_PAN011_joint	PAN027#2#chrX	0	500000	j20k.ldefault.log_length_ani.4tomany.m10k	filtered	20k	default	log-length-ani	4:many	10k	default	chrX,chrY	86	83	1014725	493566	499994	0	no	chr14:24504;chr22:12252;chrX:497195;chrY:517530	chr14:12252;chr22:12252;chrX:464750;chrY:486282	expected_non_chr3
PAR1_XY_positive_control	PAR1	PAN027pat_vs_PAN011_joint	PAN027#2#chrX	0	500000	j20k.l1000.ani.1to1.m10k	filtered	20k	1000	ani	1:1	10k	default	chrX,chrY	2	2	495859	493566	493566	0	no	chrX:345932;chrY:149927	chrX:345932;chrY:149927	expected_non_chr3
PAR1_XY_positive_control	PAR1	PAN027pat_vs_PAN011_joint	PAN027#2#chrX	0	500000	j20k.l1000.ani.4tomany.m10k	filtered	20k	1000	ani	4:many	10k	default	chrX,chrY	66	63	989152	493566	499994	0	no	chr14:24504;chr22:12252;chrX:484275;chrY:504877	chr14:12252;chr22:12252;chrX:460969;chrY:484600	expected_non_chr3
PAR1_XY_positive_control	PAR1	PAN027pat_vs_PAN011_joint	PAN027#2#chrX	0	500000	j20k.l1000.log_length_ani.1to1.m10k	filtered	20k	1000	log-length-ani	1:1	10k	default	chrX,chrY	3	2	495859	493566	499994	0	no	chr14:12252;chrX:345932;chrY:149927	chr14:12252;chrX:345932;chrY:149927	expected_non_chr3
PAR1_XY_positive_control	PAR1	PAN027pat_vs_PAN011_joint	PAN027#2#chrX	0	500000	j20k.l1000.log_length_ani.4tomany.m10k	filtered	20k	1000	log-length-ani	4:many	10k	default	chrX,chrY	69	66	1005039	493566	499994	0	no	chr14:24504;chr22:12252;chrX:494599;chrY:510440	chr14:12252;chr22:12252;chrX:463083;chrY:486025	expected_non_chr3
PAR1_XY_positive_control	PAR1	PAN027pat_vs_PAN011_joint	PAN027#2#chrX	0	500000	j20k.l5000.ani.1to1.m10k	filtered	20k	5000	ani	1:1	10k	default	chrX,chrY	2	2	495859	493566	493566	0	no	chrX:345932;chrY:149927	chrX:345932;chrY:149927	expected_non_chr3
PAR1_XY_positive_control	PAR1	PAN027pat_vs_PAN011_joint	PAN027#2#chrX	0	500000	j20k.l5000.ani.4tomany.m10k	filtered	20k	5000	ani	4:many	10k	default	chrX,chrY	37	34	915991	493566	499994	0	no	chr14:24504;chr22:12252;chrX:450350;chrY:465641	chr14:12252;chr22:12252;chrX:440161;chrY:458649	expected_non_chr3
PAR1_XY_positive_control	PAR1	PAN027pat_vs_PAN011_joint	PAN027#2#chrX	0	500000	j20k.l5000.log_length_ani.1to1.m10k	filtered	20k	5000	log-length-ani	1:1	10k	default	chrX,chrY	3	2	495859	493566	499994	0	no	chr14:12252;chrX:345932;chrY:149927	chr14:12252;chrX:345932;chrY:149927	expected_non_chr3
PAR1_XY_positive_control	PAR1	PAN027pat_vs_PAN011_joint	PAN027#2#chrX	0	500000	j20k.l5000.log_length_ani.4tomany.m10k	filtered	20k	5000	log-length-ani	4:many	10k	default	chrX,chrY	37	34	915991	493566	499994	0	no	chr14:24504;chr22:12252;chrX:450350;chrY:465641	chr14:12252;chr22:12252;chrX:440161;chrY:458649	expected_non_chr3
PAR1_XY_positive_control	PAR1	PAN027pat_vs_PAN011_joint	PAN027#2#chrX	0	500000	j20k.l10000.ani.1to1.m10k	filtered	20k	10000	ani	1:1	10k	default	chrX,chrY	3	2	495859	493566	499994	0	no	chr14:12252;chrX:345932;chrY:149927	chr14:12252;chrX:345932;chrY:149927	expected_non_chr3
PAR1_XY_positive_control	PAR1	PAN027pat_vs_PAN011_joint	PAN027#2#chrX	0	500000	j20k.l10000.ani.4tomany.m10k	filtered	20k	10000	ani	4:many	10k	default	chrX,chrY	22	19	811049	493566	499994	0	no	chr14:24504;chr22:12252;chrX:398803;chrY:412246	chr14:12252;chr22:12252;chrX:391853;chrY:408506	expected_non_chr3
PAR1_XY_positive_control	PAR1	PAN027pat_vs_PAN011_joint	PAN027#2#chrX	0	500000	j20k.l10000.log_length_ani.1to1.m10k	filtered	20k	10000	log-length-ani	1:1	10k	default	chrX,chrY	3	2	495859	493566	499994	0	no	chr14:12252;chrX:345932;chrY:149927	chr14:12252;chrX:345932;chrY:149927	expected_non_chr3
PAR1_XY_positive_control	PAR1	PAN027pat_vs_PAN011_joint	PAN027#2#chrX	0	500000	j20k.l10000.log_length_ani.4tomany.m10k	filtered	20k	10000	log-length-ani	4:many	10k	default	chrX,chrY	22	19	811049	493566	499994	0	no	chr14:24504;chr22:12252;chrX:398803;chrY:412246	chr14:12252;chr22:12252;chrX:391853;chrY:408506	expected_non_chr3
PAR1_XY_positive_control	PAR1	PAN027pat_vs_PAN011_joint	PAN027#2#chrX	0	500000	j50k.ldefault.ani.1to1.m10k	filtered	50k	default	ani	1:1	10k	default	chrX,chrY	2	2	495859	493566	493566	0	no	chrX:345932;chrY:149927	chrX:345932;chrY:149927	expected_non_chr3
PAR1_XY_positive_control	PAR1	PAN027pat_vs_PAN011_joint	PAN027#2#chrX	0	500000	j50k.ldefault.ani.4tomany.m10k	filtered	50k	default	ani	4:many	10k	default	chrX,chrY	89	83	1008631	493566	499994	0	no	chr14:24504;chr15:3764;chr22:12252;chrX:498800;chrY:509831	chr14:12252;chr15:3764;chr22:12252;chrX:471403;chrY:481627	expected_non_chr3
PAR1_XY_positive_control	PAR1	PAN027pat_vs_PAN011_joint	PAN027#2#chrX	0	500000	j50k.ldefault.log_length_ani.1to1.m10k	filtered	50k	default	log-length-ani	1:1	10k	default	chrX,chrY	3	2	495859	493566	499994	0	no	chr14:12252;chrX:345932;chrY:149927	chr14:12252;chrX:345932;chrY:149927	expected_non_chr3
PAR1_XY_positive_control	PAR1	PAN027pat_vs_PAN011_joint	PAN027#2#chrX	0	500000	j50k.ldefault.log_length_ani.4tomany.m10k	filtered	50k	default	log-length-ani	4:many	10k	default	chrX,chrY	92	86	1027874	493566	499994	0	no	chr14:24504;chr15:3764;chr22:12252;chrX:507961;chrY:519913	chr14:12252;chr15:3764;chr22:12252;chrX:473517;chrY:486282	expected_non_chr3
PAR1_XY_positive_control	PAR1	PAN027pat_vs_PAN011_joint	PAN027#2#chrX	0	500000	j50k.l1000.ani.1to1.m10k	filtered	50k	1000	ani	1:1	10k	default	chrX,chrY	2	2	495859	493566	493566	0	no	chrX:345932;chrY:149927	chrX:345932;chrY:149927	expected_non_chr3
PAR1_XY_positive_control	PAR1	PAN027pat_vs_PAN011_joint	PAN027#2#chrX	0	500000	j50k.l1000.ani.4tomany.m10k	filtered	50k	1000	ani	4:many	10k	default	chrX,chrY	68	65	999918	493566	499994	0	no	chr14:24504;chr22:12252;chrX:495041;chrY:504877	chr14:12252;chr22:12252;chrX:469736;chrY:484600	expected_non_chr3
PAR1_XY_positive_control	PAR1	PAN027pat_vs_PAN011_joint	PAN027#2#chrX	0	500000	j50k.l1000.log_length_ani.1to1.m10k	filtered	50k	1000	log-length-ani	1:1	10k	default	chrX,chrY	3	2	495859	493566	499994	0	no	chr14:12252;chrX:345932;chrY:149927	chr14:12252;chrX:345932;chrY:149927	expected_non_chr3
PAR1_XY_positive_control	PAR1	PAN027pat_vs_PAN011_joint	PAN027#2#chrX	0	500000	j50k.l1000.log_length_ani.4tomany.m10k	filtered	50k	1000	log-length-ani	4:many	10k	default	chrX,chrY	71	68	1015805	493566	499994	0	no	chr14:24504;chr22:12252;chrX:505365;chrY:510440	chr14:12252;chr22:12252;chrX:471850;chrY:486025	expected_non_chr3
PAR1_XY_positive_control	PAR1	PAN027pat_vs_PAN011_joint	PAN027#2#chrX	0	500000	j50k.l5000.ani.1to1.m10k	filtered	50k	5000	ani	1:1	10k	default	chrX,chrY	2	2	495859	493566	493566	0	no	chrX:345932;chrY:149927	chrX:345932;chrY:149927	expected_non_chr3
PAR1_XY_positive_control	PAR1	PAN027pat_vs_PAN011_joint	PAN027#2#chrX	0	500000	j50k.l5000.ani.4tomany.m10k	filtered	50k	5000	ani	4:many	10k	default	chrX,chrY	40	37	932193	493566	499994	0	no	chr14:24504;chr22:12252;chrX:466552;chrY:465641	chr14:12252;chr22:12252;chrX:449530;chrY:458649	expected_non_chr3
PAR1_XY_positive_control	PAR1	PAN027pat_vs_PAN011_joint	PAN027#2#chrX	0	500000	j50k.l5000.log_length_ani.1to1.m10k	filtered	50k	5000	log-length-ani	1:1	10k	default	chrX,chrY	3	2	495859	493566	499994	0	no	chr14:12252;chrX:345932;chrY:149927	chr14:12252;chrX:345932;chrY:149927	expected_non_chr3
PAR1_XY_positive_control	PAR1	PAN027pat_vs_PAN011_joint	PAN027#2#chrX	0	500000	j50k.l5000.log_length_ani.4tomany.m10k	filtered	50k	5000	log-length-ani	4:many	10k	default	chrX,chrY	40	37	932193	493566	499994	0	no	chr14:24504;chr22:12252;chrX:466552;chrY:465641	chr14:12252;chr22:12252;chrX:449530;chrY:458649	expected_non_chr3
PAR1_XY_positive_control	PAR1	PAN027pat_vs_PAN011_joint	PAN027#2#chrX	0	500000	j50k.l10000.ani.1to1.m10k	filtered	50k	10000	ani	1:1	10k	default	chrX,chrY	3	2	495859	493566	499994	0	no	chr14:12252;chrX:345932;chrY:149927	chr14:12252;chrX:345932;chrY:149927	expected_non_chr3
PAR1_XY_positive_control	PAR1	PAN027pat_vs_PAN011_joint	PAN027#2#chrX	0	500000	j50k.l10000.ani.4tomany.m10k	filtered	50k	10000	ani	4:many	10k	default	chrX,chrY	22	19	811049	493566	499994	0	no	chr14:24504;chr22:12252;chrX:398803;chrY:412246	chr14:12252;chr22:12252;chrX:391853;chrY:408506	expected_non_chr3
PAR1_XY_positive_control	PAR1	PAN027pat_vs_PAN011_joint	PAN027#2#chrX	0	500000	j50k.l10000.log_length_ani.1to1.m10k	filtered	50k	10000	log-length-ani	1:1	10k	default	chrX,chrY	3	2	495859	493566	499994	0	no	chr14:12252;chrX:345932;chrY:149927	chr14:12252;chrX:345932;chrY:149927	expected_non_chr3
PAR1_XY_positive_control	PAR1	PAN027pat_vs_PAN011_joint	PAN027#2#chrX	0	500000	j50k.l10000.log_length_ani.4tomany.m10k	filtered	50k	10000	log-length-ani	4:many	10k	default	chrX,chrY	22	19	811049	493566	499994	0	no	chr14:24504;chr22:12252;chrX:398803;chrY:412246	chr14:12252;chr22:12252;chrX:391853;chrY:408506	expected_non_chr3
PAN027_chr9q_chr3q_PHR_candidate	PAN027 chr9q->chr3q	PAN027pat_vs_PAN011_joint	PAN027#2#chr9	135704825	136204825	raw_many_many_unfiltered	raw_baseline	0	raw	raw	many:many	10k	default	chr3	646	39	536932	261767	500000	261767	yes	chr1:634524;chr10:186283;chr11:358073;chr12:134055;chr13:12597;chr14:82259;chr15:292684;chr16:346415;chr17:45246;chr18:148410;chr19:361598;chr2:92654;chr20:356128;chr21:25194;chr22:90076;chr3:536932;chr4:53266;chr5:220777;chr6:252241;chr7:394926;chr8:160211;chr9:966422;chrX:22253;chrY:79523	chr1:221851;chr10:92228;chr11:207586;chr12:56774;chr13:12597;chr14:21344;chr15:137174;chr16:200729;chr17:16983;chr18:70829;chr19:194626;chr2:44094;chr20:123597;chr21:12597;chr22:25624;chr3:261767;chr4:28933;chr5:112653;chr6:106329;chr7:190263;chr8:80377;chr9:500000;chrX:21405;chrY:48018	chr3_expected
PAN027_chr9q_chr3q_PHR_candidate	PAN027 chr9q->chr3q	PAN027pat_vs_PAN011_joint	PAN027#2#chr9	135704825	136204825	j0.ldefault.ani.1to1.m10k	filtered	0	default	ani	1:1	10k	default	chr3	0	0	0	0	0	0	no			no_rows
PAN027_chr9q_chr3q_PHR_candidate	PAN027 chr9q->chr3q	PAN027pat_vs_PAN011_joint	PAN027#2#chr9	135704825	136204825	j0.ldefault.ani.4tomany.m10k	filtered	0	default	ani	4:many	10k	default	chr3	38	8	242175	174357	500000	174357	yes	chr1:926;chr10:28588;chr11:30187;chr14:19;chr16:65575;chr18:32339;chr3:242175;chr7:11551;chr8:4236;chr9:796842	chr1:463;chr10:28588;chr11:30187;chr14:19;chr16:65575;chr18:18846;chr3:174357;chr7:11550;chr8:2118;chr9:499833	chr3_expected
PAN027_chr9q_chr3q_PHR_candidate	PAN027 chr9q->chr3q	PAN027pat_vs_PAN011_joint	PAN027#2#chr9	135704825	136204825	j0.ldefault.log_length_ani.1to1.m10k	filtered	0	default	log-length-ani	1:1	10k	default	chr3	1	0	0	0	499833	0	no	chr9:499833	chr9:499833	other_target_only
PAN027_chr9q_chr3q_PHR_candidate	PAN027 chr9q->chr3q	PAN027pat_vs_PAN011_joint	PAN027#2#chr9	135704825	136204825	j0.ldefault.log_length_ani.4tomany.m10k	filtered	0	default	log-length-ani	4:many	10k	default	chr3	31	4	136417	136001	500000	136001	yes	chr1:130425;chr10:64692;chr16:127455;chr18:37574;chr19:148510;chr3:136417;chr7:51795;chr8:4236;chr9:790741	chr1:129962;chr10:37106;chr16:65575;chr18:20965;chr19:148510;chr3:136001;chr7:51795;chr8:2118;chr9:499833	chr3_expected
PAN027_chr9q_chr3q_PHR_candidate	PAN027 chr9q->chr3q	PAN027pat_vs_PAN011_joint	PAN027#2#chr9	135704825	136204825	j0.l1000.ani.1to1.m10k	filtered	0	1000	ani	1:1	10k	default	chr3	1	0	0	0	499833	0	no	chr9:499833	chr9:499833	other_target_only
PAN027_chr9q_chr3q_PHR_candidate	PAN027 chr9q->chr3q	PAN027pat_vs_PAN011_joint	PAN027#2#chr9	135704825	136204825	j0.l1000.ani.4tomany.m10k	filtered	0	1000	ani	4:many	10k	default	chr3	32	6	241343	173941	500000	173941	yes	chr10:29590;chr11:30187;chr14:19;chr16:65575;chr18:31342;chr3:241343;chr7:11551;chr8:4236;chr9:796066	chr10:28588;chr11:30187;chr14:19;chr16:65575;chr18:17849;chr3:173941;chr7:11550;chr8:2118;chr9:499833	chr3_expected
PAN027_chr9q_chr3q_PHR_candidate	PAN027 chr9q->chr3q	PAN027pat_vs_PAN011_joint	PAN027#2#chr9	135704825	136204825	j0.l1000.log_length_ani.1to1.m10k	filtered	0	1000	log-length-ani	1:1	10k	default	chr3	1	0	0	0	499833	0	no	chr9:499833	chr9:499833	other_target_only
PAN027_chr9q_chr3q_PHR_candidate	PAN027 chr9q->chr3q	PAN027pat_vs_PAN011_joint	PAN027#2#chr9	135704825	136204825	j0.l1000.log_length_ani.4tomany.m10k	filtered	0	1000	log-length-ani	4:many	10k	default	chr3	25	2	135585	135585	500000	135585	yes	chr1:129499;chr10:64692;chr16:127455;chr18:37574;chr19:148510;chr3:135585;chr7:51795;chr8:4236;chr9:789965	chr1:129499;chr10:37106;chr16:65575;chr18:20965;chr19:148510;chr3:135585;chr7:51795;chr8:2118;chr9:499833	chr3_expected
PAN027_chr9q_chr3q_PHR_candidate	PAN027 chr9q->chr3q	PAN027pat_vs_PAN011_joint	PAN027#2#chr9	135704825	136204825	j0.l5000.ani.1to1.m10k	filtered	0	5000	ani	1:1	10k	default	chr3	1	0	0	0	499833	0	no	chr9:499833	chr9:499833	other_target_only
PAN027_chr9q_chr3q_PHR_candidate	PAN027 chr9q->chr3q	PAN027pat_vs_PAN011_joint	PAN027#2#chr9	135704825	136204825	j0.l5000.ani.4tomany.m10k	filtered	0	5000	ani	4:many	10k	default	chr3	23	7	247297	179895	500000	179895	yes	chr10:27586;chr11:28910;chr16:65575;chr18:28621;chr3:247297;chr7:9812;chr9:796066;chrY:4973	chr10:27586;chr11:28910;chr16:65575;chr18:16920;chr3:179895;chr7:9812;chr9:499833;chrY:4973	chr3_expected
PAN027_chr9q_chr3q_PHR_candidate	PAN027 chr9q->chr3q	PAN027pat_vs_PAN011_joint	PAN027#2#chr9	135704825	136204825	j0.l5000.log_length_ani.1to1.m10k	filtered	0	5000	log-length-ani	1:1	10k	default	chr3	1	0	0	0	499833	0	no	chr9:499833	chr9:499833	other_target_only
PAN027_chr9q_chr3q_PHR_candidate	PAN027 chr9q->chr3q	PAN027pat_vs_PAN011_joint	PAN027#2#chr9	135704825	136204825	j0.l5000.log_length_ani.4tomany.m10k	filtered	0	5000	log-length-ani	4:many	10k	default	chr3	19	1	131503	131503	500000	131503	yes	chr1:129499;chr10:64692;chr16:127455;chr18:28621;chr19:148510;chr3:131503;chr7:51795;chr9:789965;chrY:4973	chr1:129499;chr10:37106;chr16:65575;chr18:16920;chr19:148510;chr3:131503;chr7:51795;chr9:499833;chrY:4973	chr3_expected
PAN027_chr9q_chr3q_PHR_candidate	PAN027 chr9q->chr3q	PAN027pat_vs_PAN011_joint	PAN027#2#chr9	135704825	136204825	j0.l10000.ani.1to1.m10k	filtered	0	10000	ani	1:1	10k	default	chr3	1	0	0	0	499833	0	no	chr9:499833	chr9:499833	other_target_only
PAN027_chr9q_chr3q_PHR_candidate	PAN027 chr9q->chr3q	PAN027pat_vs_PAN011_joint	PAN027#2#chr9	135704825	136204825	j0.l10000.ani.4tomany.m10k	filtered	0	10000	ani	4:many	10k	default	chr3	18	6	245129	177727	500000	177727	yes	chr10:55172;chr11:22972;chr16:65575;chr18:23411;chr3:245129;chr9:789965	chr10:27586;chr11:22972;chr16:65575;chr18:11710;chr3:177727;chr9:499833	chr3_expected
PAN027_chr9q_chr3q_PHR_candidate	PAN027 chr9q->chr3q	PAN027pat_vs_PAN011_joint	PAN027#2#chr9	135704825	136204825	j0.l10000.log_length_ani.1to1.m10k	filtered	0	10000	log-length-ani	1:1	10k	default	chr3	1	0	0	0	499833	0	no	chr9:499833	chr9:499833	other_target_only
PAN027_chr9q_chr3q_PHR_candidate	PAN027 chr9q->chr3q	PAN027pat_vs_PAN011_joint	PAN027#2#chr9	135704825	136204825	j0.l10000.log_length_ani.4tomany.m10k	filtered	0	10000	log-length-ani	4:many	10k	default	chr3	16	1	131503	131503	500000	131503	yes	chr1:129499;chr10:55172;chr16:127455;chr18:23411;chr19:148510;chr3:131503;chr7:51795;chr9:789965	chr1:129499;chr10:27586;chr16:65575;chr18:11710;chr19:148510;chr3:131503;chr7:51795;chr9:499833	chr3_expected
PAN027_chr9q_chr3q_PHR_candidate	PAN027 chr9q->chr3q	PAN027pat_vs_PAN011_joint	PAN027#2#chr9	135704825	136204825	j10k.ldefault.ani.1to1.m10k	filtered	10k	default	ani	1:1	10k	default	chr3	0	0	0	0	0	0	no			no_rows
PAN027_chr9q_chr3q_PHR_candidate	PAN027 chr9q->chr3q	PAN027pat_vs_PAN011_joint	PAN027#2#chr9	135704825	136204825	j10k.ldefault.ani.4tomany.m10k	filtered	10k	default	ani	4:many	10k	default	chr3	23	6	234559	166442	500000	166442	yes	chr10:27586;chr11:22972;chr16:65575;chr18:31342;chr3:234559;chr7:11551;chr9:796066	chr10:27586;chr11:22972;chr16:65575;chr18:17849;chr3:166442;chr7:11550;chr9:499833	chr3_expected
PAN027_chr9q_chr3q_PHR_candidate	PAN027 chr9q->chr3q	PAN027pat_vs_PAN011_joint	PAN027#2#chr9	135704825	136204825	j10k.ldefault.log_length_ani.1to1.m10k	filtered	10k	default	log-length-ani	1:1	10k	default	chr3	1	0	0	0	499833	0	no	chr9:499833	chr9:499833	other_target_only
PAN027_chr9q_chr3q_PHR_candidate	PAN027 chr9q->chr3q	PAN027pat_vs_PAN011_joint	PAN027#2#chr9	135704825	136204825	j10k.ldefault.log_length_ani.4tomany.m10k	filtered	10k	default	log-length-ani	4:many	10k	default	chr3	20	2	132218	131503	500000	131503	yes	chr1:129499;chr10:55172;chr16:127455;chr18:37574;chr19:148510;chr3:132218;chr7:51795;chr9:789965	chr1:129499;chr10:27586;chr16:65575;chr18:20965;chr19:148510;chr3:131503;chr7:51795;chr9:499833	chr3_expected
PAN027_chr9q_chr3q_PHR_candidate	PAN027 chr9q->chr3q	PAN027pat_vs_PAN011_joint	PAN027#2#chr9	135704825	136204825	j10k.l1000.ani.1to1.m10k	filtered	10k	1000	ani	1:1	10k	default	chr3	1	0	0	0	499833	0	no	chr9:499833	chr9:499833	other_target_only
PAN027_chr9q_chr3q_PHR_candidate	PAN027 chr9q->chr3q	PAN027pat_vs_PAN011_joint	PAN027#2#chr9	135704825	136204825	j10k.l1000.ani.4tomany.m10k	filtered	10k	1000	ani	4:many	10k	default	chr3	22	5	233844	166442	500000	166442	yes	chr10:27586;chr11:22972;chr16:65575;chr18:31342;chr3:233844;chr7:11551;chr9:796066	chr10:27586;chr11:22972;chr16:65575;chr18:17849;chr3:166442;chr7:11550;chr9:499833	chr3_expected
PAN027_chr9q_chr3q_PHR_candidate	PAN027 chr9q->chr3q	PAN027pat_vs_PAN011_joint	PAN027#2#chr9	135704825	136204825	j10k.l1000.log_length_ani.1to1.m10k	filtered	10k	1000	log-length-ani	1:1	10k	default	chr3	1	0	0	0	499833	0	no	chr9:499833	chr9:499833	other_target_only
PAN027_chr9q_chr3q_PHR_candidate	PAN027 chr9q->chr3q	PAN027pat_vs_PAN011_joint	PAN027#2#chr9	135704825	136204825	j10k.l1000.log_length_ani.4tomany.m10k	filtered	10k	1000	log-length-ani	4:many	10k	default	chr3	19	1	131503	131503	500000	131503	yes	chr1:129499;chr10:55172;chr16:127455;chr18:37574;chr19:148510;chr3:131503;chr7:51795;chr9:789965	chr1:129499;chr10:27586;chr16:65575;chr18:20965;chr19:148510;chr3:131503;chr7:51795;chr9:499833	chr3_expected
PAN027_chr9q_chr3q_PHR_candidate	PAN027 chr9q->chr3q	PAN027pat_vs_PAN011_joint	PAN027#2#chr9	135704825	136204825	j10k.l5000.ani.1to1.m10k	filtered	10k	5000	ani	1:1	10k	default	chr3	1	0	0	0	499833	0	no	chr9:499833	chr9:499833	other_target_only
PAN027_chr9q_chr3q_PHR_candidate	PAN027 chr9q->chr3q	PAN027pat_vs_PAN011_joint	PAN027#2#chr9	135704825	136204825	j10k.l5000.ani.4tomany.m10k	filtered	10k	5000	ani	4:many	10k	default	chr3	20	7	247297	179895	500000	179895	yes	chr10:27586;chr11:22972;chr16:65575;chr18:28621;chr3:247297;chr9:796066	chr10:27586;chr11:22972;chr16:65575;chr18:16920;chr3:179895;chr9:499833	chr3_expected
PAN027_chr9q_chr3q_PHR_candidate	PAN027 chr9q->chr3q	PAN027pat_vs_PAN011_joint	PAN027#2#chr9	135704825	136204825	j10k.l5000.log_length_ani.1to1.m10k	filtered	10k	5000	log-length-ani	1:1	10k	default	chr3	1	0	0	0	499833	0	no	chr9:499833	chr9:499833	other_target_only
PAN027_chr9q_chr3q_PHR_candidate	PAN027 chr9q->chr3q	PAN027pat_vs_PAN011_joint	PAN027#2#chr9	135704825	136204825	j10k.l5000.log_length_ani.4tomany.m10k	filtered	10k	5000	log-length-ani	4:many	10k	default	chr3	17	1	131503	131503	500000	131503	yes	chr1:129499;chr10:55172;chr16:127455;chr18:28621;chr19:148510;chr3:131503;chr7:51795;chr9:789965	chr1:129499;chr10:27586;chr16:65575;chr18:16920;chr19:148510;chr3:131503;chr7:51795;chr9:499833	chr3_expected
PAN027_chr9q_chr3q_PHR_candidate	PAN027 chr9q->chr3q	PAN027pat_vs_PAN011_joint	PAN027#2#chr9	135704825	136204825	j10k.l10000.ani.1to1.m10k	filtered	10k	10000	ani	1:1	10k	default	chr3	1	0	0	0	499833	0	no	chr9:499833	chr9:499833	other_target_only
PAN027_chr9q_chr3q_PHR_candidate	PAN027 chr9q->chr3q	PAN027pat_vs_PAN011_joint	PAN027#2#chr9	135704825	136204825	j10k.l10000.ani.4tomany.m10k	filtered	10k	10000	ani	4:many	10k	default	chr3	18	6	245129	177727	500000	177727	yes	chr10:55172;chr11:22972;chr16:65575;chr18:23411;chr3:245129;chr9:789965	chr10:27586;chr11:22972;chr16:65575;chr18:11710;chr3:177727;chr9:499833	chr3_expected
PAN027_chr9q_chr3q_PHR_candidate	PAN027 chr9q->chr3q	PAN027pat_vs_PAN011_joint	PAN027#2#chr9	135704825	136204825	j10k.l10000.log_length_ani.1to1.m10k	filtered	10k	10000	log-length-ani	1:1	10k	default	chr3	1	0	0	0	499833	0	no	chr9:499833	chr9:499833	other_target_only
PAN027_chr9q_chr3q_PHR_candidate	PAN027 chr9q->chr3q	PAN027pat_vs_PAN011_joint	PAN027#2#chr9	135704825	136204825	j10k.l10000.log_length_ani.4tomany.m10k	filtered	10k	10000	log-length-ani	4:many	10k	default	chr3	16	1	131503	131503	500000	131503	yes	chr1:129499;chr10:55172;chr16:127455;chr18:23411;chr19:148510;chr3:131503;chr7:51795;chr9:789965	chr1:129499;chr10:27586;chr16:65575;chr18:11710;chr19:148510;chr3:131503;chr7:51795;chr9:499833	chr3_expected
PAN027_chr9q_chr3q_PHR_candidate	PAN027 chr9q->chr3q	PAN027pat_vs_PAN011_joint	PAN027#2#chr9	135704825	136204825	j20k.ldefault.ani.1to1.m10k	filtered	20k	default	ani	1:1	10k	default	chr3	0	0	0	0	0	0	no			no_rows
PAN027_chr9q_chr3q_PHR_candidate	PAN027 chr9q->chr3q	PAN027pat_vs_PAN011_joint	PAN027#2#chr9	135704825	136204825	j20k.ldefault.ani.4tomany.m10k	filtered	20k	default	ani	4:many	10k	default	chr3	24	6	234559	166442	500000	166442	yes	chr10:28588;chr11:22972;chr16:65575;chr18:31342;chr3:234559;chr7:11551;chr9:796066	chr10:28588;chr11:22972;chr16:65575;chr18:17849;chr3:166442;chr7:11550;chr9:499833	chr3_expected
PAN027_chr9q_chr3q_PHR_candidate	PAN027 chr9q->chr3q	PAN027pat_vs_PAN011_joint	PAN027#2#chr9	135704825	136204825	j20k.ldefault.log_length_ani.1to1.m10k	filtered	20k	default	log-length-ani	1:1	10k	default	chr3	1	0	0	0	499833	0	no	chr9:499833	chr9:499833	other_target_only
PAN027_chr9q_chr3q_PHR_candidate	PAN027 chr9q->chr3q	PAN027pat_vs_PAN011_joint	PAN027#2#chr9	135704825	136204825	j20k.ldefault.log_length_ani.4tomany.m10k	filtered	20k	default	log-length-ani	4:many	10k	default	chr3	21	2	132218	131503	500000	131503	yes	chr1:129499;chr10:64692;chr16:127455;chr18:37574;chr19:148510;chr3:132218;chr7:51795;chr9:789965	chr1:129499;chr10:37106;chr16:65575;chr18:20965;chr19:148510;chr3:131503;chr7:51795;chr9:499833	chr3_expected
PAN027_chr9q_chr3q_PHR_candidate	PAN027 chr9q->chr3q	PAN027pat_vs_PAN011_joint	PAN027#2#chr9	135704825	136204825	j20k.l1000.ani.1to1.m10k	filtered	20k	1000	ani	1:1	10k	default	chr3	1	0	0	0	499833	0	no	chr9:499833	chr9:499833	other_target_only
PAN027_chr9q_chr3q_PHR_candidate	PAN027 chr9q->chr3q	PAN027pat_vs_PAN011_joint	PAN027#2#chr9	135704825	136204825	j20k.l1000.ani.4tomany.m10k	filtered	20k	1000	ani	4:many	10k	default	chr3	23	5	233844	166442	500000	166442	yes	chr10:28588;chr11:22972;chr16:65575;chr18:31342;chr3:233844;chr7:11551;chr9:796066	chr10:28588;chr11:22972;chr16:65575;chr18:17849;chr3:166442;chr7:11550;chr9:499833	chr3_expected
PAN027_chr9q_chr3q_PHR_candidate	PAN027 chr9q->chr3q	PAN027pat_vs_PAN011_joint	PAN027#2#chr9	135704825	136204825	j20k.l1000.log_length_ani.1to1.m10k	filtered	20k	1000	log-length-ani	1:1	10k	default	chr3	1	0	0	0	499833	0	no	chr9:499833	chr9:499833	other_target_only
PAN027_chr9q_chr3q_PHR_candidate	PAN027 chr9q->chr3q	PAN027pat_vs_PAN011_joint	PAN027#2#chr9	135704825	136204825	j20k.l1000.log_length_ani.4tomany.m10k	filtered	20k	1000	log-length-ani	4:many	10k	default	chr3	20	1	131503	131503	500000	131503	yes	chr1:129499;chr10:64692;chr16:127455;chr18:37574;chr19:148510;chr3:131503;chr7:51795;chr9:789965	chr1:129499;chr10:37106;chr16:65575;chr18:20965;chr19:148510;chr3:131503;chr7:51795;chr9:499833	chr3_expected
PAN027_chr9q_chr3q_PHR_candidate	PAN027 chr9q->chr3q	PAN027pat_vs_PAN011_joint	PAN027#2#chr9	135704825	136204825	j20k.l5000.ani.1to1.m10k	filtered	20k	5000	ani	1:1	10k	default	chr3	1	0	0	0	499833	0	no	chr9:499833	chr9:499833	other_target_only
PAN027_chr9q_chr3q_PHR_candidate	PAN027 chr9q->chr3q	PAN027pat_vs_PAN011_joint	PAN027#2#chr9	135704825	136204825	j20k.l5000.ani.4tomany.m10k	filtered	20k	5000	ani	4:many	10k	default	chr3	20	7	247297	179895	500000	179895	yes	chr10:27586;chr11:22972;chr16:65575;chr18:28621;chr3:247297;chr9:796066	chr10:27586;chr11:22972;chr16:65575;chr18:16920;chr3:179895;chr9:499833	chr3_expected
PAN027_chr9q_chr3q_PHR_candidate	PAN027 chr9q->chr3q	PAN027pat_vs_PAN011_joint	PAN027#2#chr9	135704825	136204825	j20k.l5000.log_length_ani.1to1.m10k	filtered	20k	5000	log-length-ani	1:1	10k	default	chr3	1	0	0	0	499833	0	no	chr9:499833	chr9:499833	other_target_only
PAN027_chr9q_chr3q_PHR_candidate	PAN027 chr9q->chr3q	PAN027pat_vs_PAN011_joint	PAN027#2#chr9	135704825	136204825	j20k.l5000.log_length_ani.4tomany.m10k	filtered	20k	5000	log-length-ani	4:many	10k	default	chr3	18	1	131503	131503	500000	131503	yes	chr1:129499;chr10:64692;chr16:127455;chr18:28621;chr19:148510;chr3:131503;chr7:51795;chr9:789965	chr1:129499;chr10:37106;chr16:65575;chr18:16920;chr19:148510;chr3:131503;chr7:51795;chr9:499833	chr3_expected
PAN027_chr9q_chr3q_PHR_candidate	PAN027 chr9q->chr3q	PAN027pat_vs_PAN011_joint	PAN027#2#chr9	135704825	136204825	j20k.l10000.ani.1to1.m10k	filtered	20k	10000	ani	1:1	10k	default	chr3	1	0	0	0	499833	0	no	chr9:499833	chr9:499833	other_target_only
PAN027_chr9q_chr3q_PHR_candidate	PAN027 chr9q->chr3q	PAN027pat_vs_PAN011_joint	PAN027#2#chr9	135704825	136204825	j20k.l10000.ani.4tomany.m10k	filtered	20k	10000	ani	4:many	10k	default	chr3	18	6	245129	177727	500000	177727	yes	chr10:55172;chr11:22972;chr16:65575;chr18:23411;chr3:245129;chr9:789965	chr10:27586;chr11:22972;chr16:65575;chr18:11710;chr3:177727;chr9:499833	chr3_expected
PAN027_chr9q_chr3q_PHR_candidate	PAN027 chr9q->chr3q	PAN027pat_vs_PAN011_joint	PAN027#2#chr9	135704825	136204825	j20k.l10000.log_length_ani.1to1.m10k	filtered	20k	10000	log-length-ani	1:1	10k	default	chr3	1	0	0	0	499833	0	no	chr9:499833	chr9:499833	other_target_only
PAN027_chr9q_chr3q_PHR_candidate	PAN027 chr9q->chr3q	PAN027pat_vs_PAN011_joint	PAN027#2#chr9	135704825	136204825	j20k.l10000.log_length_ani.4tomany.m10k	filtered	20k	10000	log-length-ani	4:many	10k	default	chr3	16	1	131503	131503	500000	131503	yes	chr1:129499;chr10:55172;chr16:127455;chr18:23411;chr19:148510;chr3:131503;chr7:51795;chr9:789965	chr1:129499;chr10:27586;chr16:65575;chr18:11710;chr19:148510;chr3:131503;chr7:51795;chr9:499833	chr3_expected
PAN027_chr9q_chr3q_PHR_candidate	PAN027 chr9q->chr3q	PAN027pat_vs_PAN011_joint	PAN027#2#chr9	135704825	136204825	j50k.ldefault.ani.1to1.m10k	filtered	50k	default	ani	1:1	10k	default	chr3	0	0	0	0	0	0	no			no_rows
PAN027_chr9q_chr3q_PHR_candidate	PAN027 chr9q->chr3q	PAN027pat_vs_PAN011_joint	PAN027#2#chr9	135704825	136204825	j50k.ldefault.ani.4tomany.m10k	filtered	50k	default	ani	4:many	10k	default	chr3	27	6	234559	166442	500000	166442	yes	chr10:28588;chr11:30187;chr16:65575;chr18:32339;chr3:234559;chr7:11551;chr9:796066	chr10:28588;chr11:30187;chr16:65575;chr18:18846;chr3:166442;chr7:11550;chr9:499833	chr3_expected
PAN027_chr9q_chr3q_PHR_candidate	PAN027 chr9q->chr3q	PAN027pat_vs_PAN011_joint	PAN027#2#chr9	135704825	136204825	j50k.ldefault.log_length_ani.1to1.m10k	filtered	50k	default	log-length-ani	1:1	10k	default	chr3	1	0	0	0	499833	0	no	chr9:499833	chr9:499833	other_target_only
PAN027_chr9q_chr3q_PHR_candidate	PAN027 chr9q->chr3q	PAN027pat_vs_PAN011_joint	PAN027#2#chr9	135704825	136204825	j50k.ldefault.log_length_ani.4tomany.m10k	filtered	50k	default	log-length-ani	4:many	10k	default	chr3	21	2	132218	131503	500000	131503	yes	chr1:129499;chr10:64692;chr16:127455;chr18:37574;chr19:148510;chr3:132218;chr7:51795;chr9:789965	chr1:129499;chr10:37106;chr16:65575;chr18:20965;chr19:148510;chr3:131503;chr7:51795;chr9:499833	chr3_expected
PAN027_chr9q_chr3q_PHR_candidate	PAN027 chr9q->chr3q	PAN027pat_vs_PAN011_joint	PAN027#2#chr9	135704825	136204825	j50k.l1000.ani.1to1.m10k	filtered	50k	1000	ani	1:1	10k	default	chr3	1	0	0	0	499833	0	no	chr9:499833	chr9:499833	other_target_only
PAN027_chr9q_chr3q_PHR_candidate	PAN027 chr9q->chr3q	PAN027pat_vs_PAN011_joint	PAN027#2#chr9	135704825	136204825	j50k.l1000.ani.4tomany.m10k	filtered	50k	1000	ani	4:many	10k	default	chr3	25	5	233844	166442	500000	166442	yes	chr10:28588;chr11:30187;chr16:65575;chr18:31342;chr3:233844;chr7:11551;chr9:796066	chr10:28588;chr11:30187;chr16:65575;chr18:17849;chr3:166442;chr7:11550;chr9:499833	chr3_expected
PAN027_chr9q_chr3q_PHR_candidate	PAN027 chr9q->chr3q	PAN027pat_vs_PAN011_joint	PAN027#2#chr9	135704825	136204825	j50k.l1000.log_length_ani.1to1.m10k	filtered	50k	1000	log-length-ani	1:1	10k	default	chr3	1	0	0	0	499833	0	no	chr9:499833	chr9:499833	other_target_only
PAN027_chr9q_chr3q_PHR_candidate	PAN027 chr9q->chr3q	PAN027pat_vs_PAN011_joint	PAN027#2#chr9	135704825	136204825	j50k.l1000.log_length_ani.4tomany.m10k	filtered	50k	1000	log-length-ani	4:many	10k	default	chr3	20	1	131503	131503	500000	131503	yes	chr1:129499;chr10:64692;chr16:127455;chr18:37574;chr19:148510;chr3:131503;chr7:51795;chr9:789965	chr1:129499;chr10:37106;chr16:65575;chr18:20965;chr19:148510;chr3:131503;chr7:51795;chr9:499833	chr3_expected
PAN027_chr9q_chr3q_PHR_candidate	PAN027 chr9q->chr3q	PAN027pat_vs_PAN011_joint	PAN027#2#chr9	135704825	136204825	j50k.l5000.ani.1to1.m10k	filtered	50k	5000	ani	1:1	10k	default	chr3	1	0	0	0	499833	0	no	chr9:499833	chr9:499833	other_target_only
PAN027_chr9q_chr3q_PHR_candidate	PAN027 chr9q->chr3q	PAN027pat_vs_PAN011_joint	PAN027#2#chr9	135704825	136204825	j50k.l5000.ani.4tomany.m10k	filtered	50k	5000	ani	4:many	10k	default	chr3	21	7	247297	179895	500000	179895	yes	chr10:27586;chr11:28910;chr16:65575;chr18:28621;chr3:247297;chr9:796066	chr10:27586;chr11:28910;chr16:65575;chr18:16920;chr3:179895;chr9:499833	chr3_expected
PAN027_chr9q_chr3q_PHR_candidate	PAN027 chr9q->chr3q	PAN027pat_vs_PAN011_joint	PAN027#2#chr9	135704825	136204825	j50k.l5000.log_length_ani.1to1.m10k	filtered	50k	5000	log-length-ani	1:1	10k	default	chr3	1	0	0	0	499833	0	no	chr9:499833	chr9:499833	other_target_only
PAN027_chr9q_chr3q_PHR_candidate	PAN027 chr9q->chr3q	PAN027pat_vs_PAN011_joint	PAN027#2#chr9	135704825	136204825	j50k.l5000.log_length_ani.4tomany.m10k	filtered	50k	5000	log-length-ani	4:many	10k	default	chr3	18	1	131503	131503	500000	131503	yes	chr1:129499;chr10:64692;chr16:127455;chr18:28621;chr19:148510;chr3:131503;chr7:51795;chr9:789965	chr1:129499;chr10:37106;chr16:65575;chr18:16920;chr19:148510;chr3:131503;chr7:51795;chr9:499833	chr3_expected
PAN027_chr9q_chr3q_PHR_candidate	PAN027 chr9q->chr3q	PAN027pat_vs_PAN011_joint	PAN027#2#chr9	135704825	136204825	j50k.l10000.ani.1to1.m10k	filtered	50k	10000	ani	1:1	10k	default	chr3	1	0	0	0	499833	0	no	chr9:499833	chr9:499833	other_target_only
PAN027_chr9q_chr3q_PHR_candidate	PAN027 chr9q->chr3q	PAN027pat_vs_PAN011_joint	PAN027#2#chr9	135704825	136204825	j50k.l10000.ani.4tomany.m10k	filtered	50k	10000	ani	4:many	10k	default	chr3	18	6	245129	177727	500000	177727	yes	chr10:55172;chr11:22972;chr16:65575;chr18:23411;chr3:245129;chr9:789965	chr10:27586;chr11:22972;chr16:65575;chr18:11710;chr3:177727;chr9:499833	chr3_expected
PAN027_chr9q_chr3q_PHR_candidate	PAN027 chr9q->chr3q	PAN027pat_vs_PAN011_joint	PAN027#2#chr9	135704825	136204825	j50k.l10000.log_length_ani.1to1.m10k	filtered	50k	10000	log-length-ani	1:1	10k	default	chr3	1	0	0	0	499833	0	no	chr9:499833	chr9:499833	other_target_only
PAN027_chr9q_chr3q_PHR_candidate	PAN027 chr9q->chr3q	PAN027pat_vs_PAN011_joint	PAN027#2#chr9	135704825	136204825	j50k.l10000.log_length_ani.4tomany.m10k	filtered	50k	10000	log-length-ani	4:many	10k	default	chr3	16	1	131503	131503	500000	131503	yes	chr1:129499;chr10:55172;chr16:127455;chr18:23411;chr19:148510;chr3:131503;chr7:51795;chr9:789965	chr1:129499;chr10:27586;chr16:65575;chr18:11710;chr19:148510;chr3:131503;chr7:51795;chr9:499833	chr3_expected
PAN028_chr9q_chr3q_PHR_candidate	PAN028 chr9q->chr3q	PAN028mat_vs_PAN027_joint	PAN028#1#chr9	134380985	134880985	raw_many_many_unfiltered	raw_baseline	0	raw	raw	many:many	10k	default	chr3	633	36	536176	261731	500000	261731	yes	chr1:527888;chr10:186163;chr11:300061;chr12:139831;chr13:19986;chr14:76864;chr15:273673;chr16:615376;chr17:45621;chr18:143457;chr19:293270;chr2:88807;chr20:286455;chr21:32699;chr22:97268;chr3:536176;chr4:40186;chr5:224949;chr6:257418;chr7:305225;chr8:158208;chr9:972573;chrX:43433	chr1:149410;chr10:92164;chr11:184988;chr12:57531;chr13:9993;chr14:21314;chr15:131836;chr16:293895;chr17:17332;chr18:68373;chr19:137849;chr2:44927;chr20:121289;chr21:20193;chr22:25611;chr3:261731;chr4:21696;chr5:112468;chr6:76549;chr7:112741;chr8:79463;chr9:500000;chrX:21996	chr3_expected
PAN028_chr9q_chr3q_PHR_candidate	PAN028 chr9q->chr3q	PAN028mat_vs_PAN027_joint	PAN028#1#chr9	134380985	134880985	j0.ldefault.ani.1to1.m10k	filtered	0	default	ani	1:1	10k	default	chr3	3	1	24288	24288	223780	24288	yes	chr3:24288;chr9:199492	chr3:24288;chr9:199492	chr3_expected
PAN028_chr9q_chr3q_PHR_candidate	PAN028 chr9q->chr3q	PAN028mat_vs_PAN027_joint	PAN028#1#chr9	134380985	134880985	j0.ldefault.ani.4tomany.m10k	filtered	0	default	ani	4:many	10k	default	chr3	39	5	78589	78173	499082	78173	yes	chr1:24848;chr10:1002;chr11:7215;chr16:201906;chr18:30544;chr2:1079;chr3:78589;chr7:1739;chr8:3152;chr9:748125	chr1:24848;chr10:1002;chr11:7215;chr16:201906;chr18:18842;chr2:1079;chr3:78173;chr7:1739;chr8:2118;chr9:499082	chr3_expected
PAN028_chr9q_chr3q_PHR_candidate	PAN028 chr9q->chr3q	PAN028mat_vs_PAN027_joint	PAN028#1#chr9	134380985	134880985	j0.ldefault.log_length_ani.1to1.m10k	filtered	0	default	log-length-ani	1:1	10k	default	chr3	5	0	0	0	498087	0	no	chr9:636384	chr9:498087	other_target_only
PAN028_chr9q_chr3q_PHR_candidate	PAN028 chr9q->chr3q	PAN028mat_vs_PAN027_joint	PAN028#1#chr9	134380985	134880985	j0.ldefault.log_length_ani.4tomany.m10k	filtered	0	default	log-length-ani	4:many	10k	default	chr3	35	5	229931	140237	500000	140237	yes	chr10:29657;chr16:258550;chr18:33943;chr2:1079;chr3:229931;chr8:3152;chr9:760491	chr10:29657;chr16:196663;chr18:22223;chr2:1079;chr3:140237;chr8:2118;chr9:498087	chr3_expected
PAN028_chr9q_chr3q_PHR_candidate	PAN028 chr9q->chr3q	PAN028mat_vs_PAN027_joint	PAN028#1#chr9	134380985	134880985	j0.l1000.ani.1to1.m10k	filtered	0	1000	ani	1:1	10k	default	chr3	4	1	24288	24288	272352	24288	yes	chr3:24288;chr9:384206	chr3:24288;chr9:248064	chr3_expected
PAN028_chr9q_chr3q_PHR_candidate	PAN028 chr9q->chr3q	PAN028mat_vs_PAN027_joint	PAN028#1#chr9	134380985	134880985	j0.l1000.ani.4tomany.m10k	filtered	0	1000	ani	4:many	10k	default	chr3	32	3	77757	77757	499082	77757	yes	chr1:24848;chr10:1002;chr11:7215;chr16:201906;chr18:30544;chr2:1079;chr3:77757;chr7:1739;chr8:3152;chr9:745543	chr1:24848;chr10:1002;chr11:7215;chr16:201906;chr18:18842;chr2:1079;chr3:77757;chr7:1739;chr8:2118;chr9:499082	chr3_expected
PAN028_chr9q_chr3q_PHR_candidate	PAN028 chr9q->chr3q	PAN028mat_vs_PAN027_joint	PAN028#1#chr9	134380985	134880985	j0.l1000.log_length_ani.1to1.m10k	filtered	0	1000	log-length-ani	1:1	10k	default	chr3	5	0	0	0	498087	0	no	chr9:636384	chr9:498087	other_target_only
PAN028_chr9q_chr3q_PHR_candidate	PAN028 chr9q->chr3q	PAN028mat_vs_PAN027_joint	PAN028#1#chr9	134380985	134880985	j0.l1000.log_length_ani.4tomany.m10k	filtered	0	1000	log-length-ani	4:many	10k	default	chr3	28	3	229099	139821	500000	139821	yes	chr10:29657;chr16:258550;chr18:33943;chr2:1079;chr3:229099;chr8:3152;chr9:757909	chr10:29657;chr16:196663;chr18:22223;chr2:1079;chr3:139821;chr8:2118;chr9:498087	chr3_expected
PAN028_chr9q_chr3q_PHR_candidate	PAN028 chr9q->chr3q	PAN028mat_vs_PAN027_joint	PAN028#1#chr9	134380985	134880985	j0.l5000.ani.1to1.m10k	filtered	0	5000	ani	1:1	10k	default	chr3	4	1	24288	24288	272352	24288	yes	chr3:24288;chr9:384206	chr3:24288;chr9:248064	chr3_expected
PAN028_chr9q_chr3q_PHR_candidate	PAN028 chr9q->chr3q	PAN028mat_vs_PAN027_joint	PAN028#1#chr9	134380985	134880985	j0.l5000.ani.4tomany.m10k	filtered	0	5000	ani	4:many	10k	default	chr3	22	4	85522	85522	498087	85522	yes	chr1:24848;chr11:5938;chr16:201906;chr18:23412;chr3:85522;chr7:9809;chr9:753860	chr1:24848;chr11:5938;chr16:201906;chr18:11710;chr3:85522;chr7:9809;chr9:498087	chr3_expected
PAN028_chr9q_chr3q_PHR_candidate	PAN028 chr9q->chr3q	PAN028mat_vs_PAN027_joint	PAN028#1#chr9	134380985	134880985	j0.l5000.log_length_ani.1to1.m10k	filtered	0	5000	log-length-ani	1:1	10k	default	chr3	5	0	0	0	498087	0	no	chr9:636384	chr9:498087	other_target_only
PAN028_chr9q_chr3q_PHR_candidate	PAN028 chr9q->chr3q	PAN028mat_vs_PAN027_joint	PAN028#1#chr9	134380985	134880985	j0.l5000.log_length_ani.4tomany.m10k	filtered	0	5000	log-length-ani	4:many	10k	default	chr3	18	3	229099	139821	499005	139821	yes	chr10:29657;chr16:258550;chr18:23412;chr3:229099;chr9:753860	chr10:29657;chr16:196663;chr18:11710;chr3:139821;chr9:498087	chr3_expected
PAN028_chr9q_chr3q_PHR_candidate	PAN028 chr9q->chr3q	PAN028mat_vs_PAN027_joint	PAN028#1#chr9	134380985	134880985	j0.l10000.ani.1to1.m10k	filtered	0	10000	ani	1:1	10k	default	chr3	4	1	24288	24288	272352	24288	yes	chr3:24288;chr9:384206	chr3:24288;chr9:248064	chr3_expected
PAN028_chr9q_chr3q_PHR_candidate	PAN028 chr9q->chr3q	PAN028mat_vs_PAN027_joint	PAN028#1#chr9	134380985	134880985	j0.l10000.ani.4tomany.m10k	filtered	0	10000	ani	4:many	10k	default	chr3	19	3	77757	77757	498087	77757	yes	chr1:28941;chr11:27584;chr16:192968;chr18:23412;chr3:77757;chr9:753860	chr1:28941;chr11:27584;chr16:192968;chr18:11710;chr3:77757;chr9:498087	chr3_expected
PAN028_chr9q_chr3q_PHR_candidate	PAN028 chr9q->chr3q	PAN028mat_vs_PAN027_joint	PAN028#1#chr9	134380985	134880985	j0.l10000.log_length_ani.1to1.m10k	filtered	0	10000	log-length-ani	1:1	10k	default	chr3	5	0	0	0	498087	0	no	chr9:636384	chr9:498087	other_target_only
PAN028_chr9q_chr3q_PHR_candidate	PAN028 chr9q->chr3q	PAN028mat_vs_PAN027_joint	PAN028#1#chr9	134380985	134880985	j0.l10000.log_length_ani.4tomany.m10k	filtered	0	10000	log-length-ani	4:many	10k	default	chr3	17	2	221334	132056	499005	132056	yes	chr10:29657;chr16:258550;chr18:23412;chr3:221334;chr9:753860	chr10:29657;chr16:196663;chr18:11710;chr3:132056;chr9:498087	chr3_expected
PAN028_chr9q_chr3q_PHR_candidate	PAN028 chr9q->chr3q	PAN028mat_vs_PAN027_joint	PAN028#1#chr9	134380985	134880985	j10k.ldefault.ani.1to1.m10k	filtered	10k	default	ani	1:1	10k	default	chr3	3	1	24288	24288	223780	24288	yes	chr3:24288;chr9:199492	chr3:24288;chr9:199492	chr3_expected
PAN028_chr9q_chr3q_PHR_candidate	PAN028 chr9q->chr3q	PAN028mat_vs_PAN027_joint	PAN028#1#chr9	134380985	134880985	j10k.ldefault.ani.4tomany.m10k	filtered	10k	default	ani	4:many	10k	default	chr3	20	3	77757	77757	499082	77757	yes	chr1:15399;chr16:192968;chr18:30544;chr3:77757;chr9:742272	chr1:15399;chr16:192968;chr18:18842;chr3:77757;chr9:499082	chr3_expected
PAN028_chr9q_chr3q_PHR_candidate	PAN028 chr9q->chr3q	PAN028mat_vs_PAN027_joint	PAN028#1#chr9	134380985	134880985	j10k.ldefault.log_length_ani.1to1.m10k	filtered	10k	default	log-length-ani	1:1	10k	default	chr3	5	0	0	0	498087	0	no	chr9:636384	chr9:498087	other_target_only
PAN028_chr9q_chr3q_PHR_candidate	PAN028 chr9q->chr3q	PAN028mat_vs_PAN027_joint	PAN028#1#chr9	134380985	134880985	j10k.ldefault.log_length_ani.4tomany.m10k	filtered	10k	default	log-length-ani	4:many	10k	default	chr3	21	2	221334	132056	500000	132056	yes	chr10:29657;chr16:258550;chr18:33943;chr3:221334;chr9:754638	chr10:29657;chr16:196663;chr18:22223;chr3:132056;chr9:498087	chr3_expected
PAN028_chr9q_chr3q_PHR_candidate	PAN028 chr9q->chr3q	PAN028mat_vs_PAN027_joint	PAN028#1#chr9	134380985	134880985	j10k.l1000.ani.1to1.m10k	filtered	10k	1000	ani	1:1	10k	default	chr3	4	1	24288	24288	272352	24288	yes	chr3:24288;chr9:384206	chr3:24288;chr9:248064	chr3_expected
PAN028_chr9q_chr3q_PHR_candidate	PAN028 chr9q->chr3q	PAN028mat_vs_PAN027_joint	PAN028#1#chr9	134380985	134880985	j10k.l1000.ani.4tomany.m10k	filtered	10k	1000	ani	4:many	10k	default	chr3	20	3	77757	77757	499082	77757	yes	chr1:15399;chr16:192968;chr18:30544;chr3:77757;chr9:743355	chr1:15399;chr16:192968;chr18:18842;chr3:77757;chr9:499082	chr3_expected
PAN028_chr9q_chr3q_PHR_candidate	PAN028 chr9q->chr3q	PAN028mat_vs_PAN027_joint	PAN028#1#chr9	134380985	134880985	j10k.l1000.log_length_ani.1to1.m10k	filtered	10k	1000	log-length-ani	1:1	10k	default	chr3	5	0	0	0	498087	0	no	chr9:636384	chr9:498087	other_target_only
PAN028_chr9q_chr3q_PHR_candidate	PAN028 chr9q->chr3q	PAN028mat_vs_PAN027_joint	PAN028#1#chr9	134380985	134880985	j10k.l1000.log_length_ani.4tomany.m10k	filtered	10k	1000	log-length-ani	4:many	10k	default	chr3	21	2	221334	132056	500000	132056	yes	chr10:29657;chr16:258550;chr18:33943;chr3:221334;chr9:755721	chr10:29657;chr16:196663;chr18:22223;chr3:132056;chr9:498087	chr3_expected
PAN028_chr9q_chr3q_PHR_candidate	PAN028 chr9q->chr3q	PAN028mat_vs_PAN027_joint	PAN028#1#chr9	134380985	134880985	j10k.l5000.ani.1to1.m10k	filtered	10k	5000	ani	1:1	10k	default	chr3	4	1	24288	24288	272352	24288	yes	chr3:24288;chr9:384206	chr3:24288;chr9:248064	chr3_expected
PAN028_chr9q_chr3q_PHR_candidate	PAN028 chr9q->chr3q	PAN028mat_vs_PAN027_joint	PAN028#1#chr9	134380985	134880985	j10k.l5000.ani.4tomany.m10k	filtered	10k	5000	ani	4:many	10k	default	chr3	17	3	77757	77757	498087	77757	yes	chr1:15399;chr16:192968;chr18:23412;chr3:77757;chr9:753860	chr1:15399;chr16:192968;chr18:11710;chr3:77757;chr9:498087	chr3_expected
PAN028_chr9q_chr3q_PHR_candidate	PAN028 chr9q->chr3q	PAN028mat_vs_PAN027_joint	PAN028#1#chr9	134380985	134880985	j10k.l5000.log_length_ani.1to1.m10k	filtered	10k	5000	log-length-ani	1:1	10k	default	chr3	5	0	0	0	498087	0	no	chr9:636384	chr9:498087	other_target_only
PAN028_chr9q_chr3q_PHR_candidate	PAN028 chr9q->chr3q	PAN028mat_vs_PAN027_joint	PAN028#1#chr9	134380985	134880985	j10k.l5000.log_length_ani.4tomany.m10k	filtered	10k	5000	log-length-ani	4:many	10k	default	chr3	17	2	221334	132056	499005	132056	yes	chr10:29657;chr16:258550;chr18:23412;chr3:221334;chr9:753860	chr10:29657;chr16:196663;chr18:11710;chr3:132056;chr9:498087	chr3_expected
PAN028_chr9q_chr3q_PHR_candidate	PAN028 chr9q->chr3q	PAN028mat_vs_PAN027_joint	PAN028#1#chr9	134380985	134880985	j10k.l10000.ani.1to1.m10k	filtered	10k	10000	ani	1:1	10k	default	chr3	4	1	24288	24288	272352	24288	yes	chr3:24288;chr9:384206	chr3:24288;chr9:248064	chr3_expected
PAN028_chr9q_chr3q_PHR_candidate	PAN028 chr9q->chr3q	PAN028mat_vs_PAN027_joint	PAN028#1#chr9	134380985	134880985	j10k.l10000.ani.4tomany.m10k	filtered	10k	10000	ani	4:many	10k	default	chr3	19	3	77757	77757	498087	77757	yes	chr1:28941;chr11:27584;chr16:192968;chr18:23412;chr3:77757;chr9:753860	chr1:28941;chr11:27584;chr16:192968;chr18:11710;chr3:77757;chr9:498087	chr3_expected
PAN028_chr9q_chr3q_PHR_candidate	PAN028 chr9q->chr3q	PAN028mat_vs_PAN027_joint	PAN028#1#chr9	134380985	134880985	j10k.l10000.log_length_ani.1to1.m10k	filtered	10k	10000	log-length-ani	1:1	10k	default	chr3	5	0	0	0	498087	0	no	chr9:636384	chr9:498087	other_target_only
PAN028_chr9q_chr3q_PHR_candidate	PAN028 chr9q->chr3q	PAN028mat_vs_PAN027_joint	PAN028#1#chr9	134380985	134880985	j10k.l10000.log_length_ani.4tomany.m10k	filtered	10k	10000	log-length-ani	4:many	10k	default	chr3	17	2	221334	132056	499005	132056	yes	chr10:29657;chr16:258550;chr18:23412;chr3:221334;chr9:753860	chr10:29657;chr16:196663;chr18:11710;chr3:132056;chr9:498087	chr3_expected
PAN028_chr9q_chr3q_PHR_candidate	PAN028 chr9q->chr3q	PAN028mat_vs_PAN027_joint	PAN028#1#chr9	134380985	134880985	j20k.ldefault.ani.1to1.m10k	filtered	20k	default	ani	1:1	10k	default	chr3	3	1	24288	24288	223780	24288	yes	chr3:24288;chr9:199492	chr3:24288;chr9:199492	chr3_expected
PAN028_chr9q_chr3q_PHR_candidate	PAN028 chr9q->chr3q	PAN028mat_vs_PAN027_joint	PAN028#1#chr9	134380985	134880985	j20k.ldefault.ani.4tomany.m10k	filtered	20k	default	ani	4:many	10k	default	chr3	23	3	77757	77757	499082	77757	yes	chr1:15399;chr16:192968;chr18:30544;chr3:77757;chr9:745161	chr1:15399;chr16:192968;chr18:18842;chr3:77757;chr9:499082	chr3_expected
PAN028_chr9q_chr3q_PHR_candidate	PAN028 chr9q->chr3q	PAN028mat_vs_PAN027_joint	PAN028#1#chr9	134380985	134880985	j20k.ldefault.log_length_ani.1to1.m10k	filtered	20k	default	log-length-ani	1:1	10k	default	chr3	5	0	0	0	498087	0	no	chr9:636384	chr9:498087	other_target_only
PAN028_chr9q_chr3q_PHR_candidate	PAN028 chr9q->chr3q	PAN028mat_vs_PAN027_joint	PAN028#1#chr9	134380985	134880985	j20k.ldefault.log_length_ani.4tomany.m10k	filtered	20k	default	log-length-ani	4:many	10k	default	chr3	24	2	221334	132056	500000	132056	yes	chr10:29657;chr16:258550;chr18:33943;chr3:221334;chr9:757527	chr10:29657;chr16:196663;chr18:22223;chr3:132056;chr9:498087	chr3_expected
PAN028_chr9q_chr3q_PHR_candidate	PAN028 chr9q->chr3q	PAN028mat_vs_PAN027_joint	PAN028#1#chr9	134380985	134880985	j20k.l1000.ani.1to1.m10k	filtered	20k	1000	ani	1:1	10k	default	chr3	4	1	24288	24288	272352	24288	yes	chr3:24288;chr9:384206	chr3:24288;chr9:248064	chr3_expected
PAN028_chr9q_chr3q_PHR_candidate	PAN028 chr9q->chr3q	PAN028mat_vs_PAN027_joint	PAN028#1#chr9	134380985	134880985	j20k.l1000.ani.4tomany.m10k	filtered	20k	1000	ani	4:many	10k	default	chr3	20	3	77757	77757	499082	77757	yes	chr1:15399;chr16:192968;chr18:30544;chr3:77757;chr9:743355	chr1:15399;chr16:192968;chr18:18842;chr3:77757;chr9:499082	chr3_expected
PAN028_chr9q_chr3q_PHR_candidate	PAN028 chr9q->chr3q	PAN028mat_vs_PAN027_joint	PAN028#1#chr9	134380985	134880985	j20k.l1000.log_length_ani.1to1.m10k	filtered	20k	1000	log-length-ani	1:1	10k	default	chr3	5	0	0	0	498087	0	no	chr9:636384	chr9:498087	other_target_only
PAN028_chr9q_chr3q_PHR_candidate	PAN028 chr9q->chr3q	PAN028mat_vs_PAN027_joint	PAN028#1#chr9	134380985	134880985	j20k.l1000.log_length_ani.4tomany.m10k	filtered	20k	1000	log-length-ani	4:many	10k	default	chr3	21	2	221334	132056	500000	132056	yes	chr10:29657;chr16:258550;chr18:33943;chr3:221334;chr9:755721	chr10:29657;chr16:196663;chr18:22223;chr3:132056;chr9:498087	chr3_expected
PAN028_chr9q_chr3q_PHR_candidate	PAN028 chr9q->chr3q	PAN028mat_vs_PAN027_joint	PAN028#1#chr9	134380985	134880985	j20k.l5000.ani.1to1.m10k	filtered	20k	5000	ani	1:1	10k	default	chr3	4	1	24288	24288	272352	24288	yes	chr3:24288;chr9:384206	chr3:24288;chr9:248064	chr3_expected
PAN028_chr9q_chr3q_PHR_candidate	PAN028 chr9q->chr3q	PAN028mat_vs_PAN027_joint	PAN028#1#chr9	134380985	134880985	j20k.l5000.ani.4tomany.m10k	filtered	20k	5000	ani	4:many	10k	default	chr3	17	3	77757	77757	498087	77757	yes	chr1:15399;chr16:192968;chr18:23412;chr3:77757;chr9:753860	chr1:15399;chr16:192968;chr18:11710;chr3:77757;chr9:498087	chr3_expected
PAN028_chr9q_chr3q_PHR_candidate	PAN028 chr9q->chr3q	PAN028mat_vs_PAN027_joint	PAN028#1#chr9	134380985	134880985	j20k.l5000.log_length_ani.1to1.m10k	filtered	20k	5000	log-length-ani	1:1	10k	default	chr3	5	0	0	0	498087	0	no	chr9:636384	chr9:498087	other_target_only
PAN028_chr9q_chr3q_PHR_candidate	PAN028 chr9q->chr3q	PAN028mat_vs_PAN027_joint	PAN028#1#chr9	134380985	134880985	j20k.l5000.log_length_ani.4tomany.m10k	filtered	20k	5000	log-length-ani	4:many	10k	default	chr3	17	2	221334	132056	499005	132056	yes	chr10:29657;chr16:258550;chr18:23412;chr3:221334;chr9:753860	chr10:29657;chr16:196663;chr18:11710;chr3:132056;chr9:498087	chr3_expected
PAN028_chr9q_chr3q_PHR_candidate	PAN028 chr9q->chr3q	PAN028mat_vs_PAN027_joint	PAN028#1#chr9	134380985	134880985	j20k.l10000.ani.1to1.m10k	filtered	20k	10000	ani	1:1	10k	default	chr3	4	1	24288	24288	272352	24288	yes	chr3:24288;chr9:384206	chr3:24288;chr9:248064	chr3_expected
PAN028_chr9q_chr3q_PHR_candidate	PAN028 chr9q->chr3q	PAN028mat_vs_PAN027_joint	PAN028#1#chr9	134380985	134880985	j20k.l10000.ani.4tomany.m10k	filtered	20k	10000	ani	4:many	10k	default	chr3	19	3	77757	77757	498087	77757	yes	chr1:28941;chr11:27584;chr16:192968;chr18:23412;chr3:77757;chr9:753860	chr1:28941;chr11:27584;chr16:192968;chr18:11710;chr3:77757;chr9:498087	chr3_expected
PAN028_chr9q_chr3q_PHR_candidate	PAN028 chr9q->chr3q	PAN028mat_vs_PAN027_joint	PAN028#1#chr9	134380985	134880985	j20k.l10000.log_length_ani.1to1.m10k	filtered	20k	10000	log-length-ani	1:1	10k	default	chr3	5	0	0	0	498087	0	no	chr9:636384	chr9:498087	other_target_only
PAN028_chr9q_chr3q_PHR_candidate	PAN028 chr9q->chr3q	PAN028mat_vs_PAN027_joint	PAN028#1#chr9	134380985	134880985	j20k.l10000.log_length_ani.4tomany.m10k	filtered	20k	10000	log-length-ani	4:many	10k	default	chr3	17	2	221334	132056	499005	132056	yes	chr10:29657;chr16:258550;chr18:23412;chr3:221334;chr9:753860	chr10:29657;chr16:196663;chr18:11710;chr3:132056;chr9:498087	chr3_expected
PAN028_chr9q_chr3q_PHR_candidate	PAN028 chr9q->chr3q	PAN028mat_vs_PAN027_joint	PAN028#1#chr9	134380985	134880985	j50k.ldefault.ani.1to1.m10k	filtered	50k	default	ani	1:1	10k	default	chr3	3	1	24288	24288	223780	24288	yes	chr3:24288;chr9:199492	chr3:24288;chr9:199492	chr3_expected
PAN028_chr9q_chr3q_PHR_candidate	PAN028 chr9q->chr3q	PAN028mat_vs_PAN027_joint	PAN028#1#chr9	134380985	134880985	j50k.ldefault.ani.4tomany.m10k	filtered	50k	default	ani	4:many	10k	default	chr3	24	3	77757	77757	499082	77757	yes	chr1:24848;chr16:192968;chr18:30544;chr3:77757;chr9:745161	chr1:24848;chr16:192968;chr18:18842;chr3:77757;chr9:499082	chr3_expected
PAN028_chr9q_chr3q_PHR_candidate	PAN028 chr9q->chr3q	PAN028mat_vs_PAN027_joint	PAN028#1#chr9	134380985	134880985	j50k.ldefault.log_length_ani.1to1.m10k	filtered	50k	default	log-length-ani	1:1	10k	default	chr3	5	0	0	0	498087	0	no	chr9:636384	chr9:498087	other_target_only
PAN028_chr9q_chr3q_PHR_candidate	PAN028 chr9q->chr3q	PAN028mat_vs_PAN027_joint	PAN028#1#chr9	134380985	134880985	j50k.ldefault.log_length_ani.4tomany.m10k	filtered	50k	default	log-length-ani	4:many	10k	default	chr3	24	2	221334	132056	500000	132056	yes	chr10:29657;chr16:258550;chr18:33943;chr3:221334;chr9:757527	chr10:29657;chr16:196663;chr18:22223;chr3:132056;chr9:498087	chr3_expected
PAN028_chr9q_chr3q_PHR_candidate	PAN028 chr9q->chr3q	PAN028mat_vs_PAN027_joint	PAN028#1#chr9	134380985	134880985	j50k.l1000.ani.1to1.m10k	filtered	50k	1000	ani	1:1	10k	default	chr3	4	1	24288	24288	272352	24288	yes	chr3:24288;chr9:384206	chr3:24288;chr9:248064	chr3_expected
PAN028_chr9q_chr3q_PHR_candidate	PAN028 chr9q->chr3q	PAN028mat_vs_PAN027_joint	PAN028#1#chr9	134380985	134880985	j50k.l1000.ani.4tomany.m10k	filtered	50k	1000	ani	4:many	10k	default	chr3	23	3	77757	77757	499082	77757	yes	chr1:24848;chr16:192968;chr18:30544;chr3:77757;chr9:745543	chr1:24848;chr16:192968;chr18:18842;chr3:77757;chr9:499082	chr3_expected
PAN028_chr9q_chr3q_PHR_candidate	PAN028 chr9q->chr3q	PAN028mat_vs_PAN027_joint	PAN028#1#chr9	134380985	134880985	j50k.l1000.log_length_ani.1to1.m10k	filtered	50k	1000	log-length-ani	1:1	10k	default	chr3	5	0	0	0	498087	0	no	chr9:636384	chr9:498087	other_target_only
PAN028_chr9q_chr3q_PHR_candidate	PAN028 chr9q->chr3q	PAN028mat_vs_PAN027_joint	PAN028#1#chr9	134380985	134880985	j50k.l1000.log_length_ani.4tomany.m10k	filtered	50k	1000	log-length-ani	4:many	10k	default	chr3	23	2	221334	132056	500000	132056	yes	chr10:29657;chr16:258550;chr18:33943;chr3:221334;chr9:757909	chr10:29657;chr16:196663;chr18:22223;chr3:132056;chr9:498087	chr3_expected
PAN028_chr9q_chr3q_PHR_candidate	PAN028 chr9q->chr3q	PAN028mat_vs_PAN027_joint	PAN028#1#chr9	134380985	134880985	j50k.l5000.ani.1to1.m10k	filtered	50k	5000	ani	1:1	10k	default	chr3	4	1	24288	24288	272352	24288	yes	chr3:24288;chr9:384206	chr3:24288;chr9:248064	chr3_expected
PAN028_chr9q_chr3q_PHR_candidate	PAN028 chr9q->chr3q	PAN028mat_vs_PAN027_joint	PAN028#1#chr9	134380985	134880985	j50k.l5000.ani.4tomany.m10k	filtered	50k	5000	ani	4:many	10k	default	chr3	19	4	85522	85522	498087	85522	yes	chr1:24848;chr16:192968;chr18:23412;chr3:85522;chr9:753860	chr1:24848;chr16:192968;chr18:11710;chr3:85522;chr9:498087	chr3_expected
PAN028_chr9q_chr3q_PHR_candidate	PAN028 chr9q->chr3q	PAN028mat_vs_PAN027_joint	PAN028#1#chr9	134380985	134880985	j50k.l5000.log_length_ani.1to1.m10k	filtered	50k	5000	log-length-ani	1:1	10k	default	chr3	5	0	0	0	498087	0	no	chr9:636384	chr9:498087	other_target_only
PAN028_chr9q_chr3q_PHR_candidate	PAN028 chr9q->chr3q	PAN028mat_vs_PAN027_joint	PAN028#1#chr9	134380985	134880985	j50k.l5000.log_length_ani.4tomany.m10k	filtered	50k	5000	log-length-ani	4:many	10k	default	chr3	17	2	221334	132056	499005	132056	yes	chr10:29657;chr16:258550;chr18:23412;chr3:221334;chr9:753860	chr10:29657;chr16:196663;chr18:11710;chr3:132056;chr9:498087	chr3_expected
PAN028_chr9q_chr3q_PHR_candidate	PAN028 chr9q->chr3q	PAN028mat_vs_PAN027_joint	PAN028#1#chr9	134380985	134880985	j50k.l10000.ani.1to1.m10k	filtered	50k	10000	ani	1:1	10k	default	chr3	4	1	24288	24288	272352	24288	yes	chr3:24288;chr9:384206	chr3:24288;chr9:248064	chr3_expected
PAN028_chr9q_chr3q_PHR_candidate	PAN028 chr9q->chr3q	PAN028mat_vs_PAN027_joint	PAN028#1#chr9	134380985	134880985	j50k.l10000.ani.4tomany.m10k	filtered	50k	10000	ani	4:many	10k	default	chr3	19	3	77757	77757	498087	77757	yes	chr1:28941;chr11:27584;chr16:192968;chr18:23412;chr3:77757;chr9:753860	chr1:28941;chr11:27584;chr16:192968;chr18:11710;chr3:77757;chr9:498087	chr3_expected
PAN028_chr9q_chr3q_PHR_candidate	PAN028 chr9q->chr3q	PAN028mat_vs_PAN027_joint	PAN028#1#chr9	134380985	134880985	j50k.l10000.log_length_ani.1to1.m10k	filtered	50k	10000	log-length-ani	1:1	10k	default	chr3	5	0	0	0	498087	0	no	chr9:636384	chr9:498087	other_target_only
PAN028_chr9q_chr3q_PHR_candidate	PAN028 chr9q->chr3q	PAN028mat_vs_PAN027_joint	PAN028#1#chr9	134380985	134880985	j50k.l10000.log_length_ani.4tomany.m10k	filtered	50k	10000	log-length-ani	4:many	10k	default	chr3	17	2	221334	132056	499005	132056	yes	chr10:29657;chr16:258550;chr18:23412;chr3:221334;chr9:753860	chr10:29657;chr16:196663;chr18:11710;chr3:132056;chr9:498087	chr3_expected
